{
  "size": 139263,
  "min": -0.9999307486841351,
  "max": 0.99999840073201,
  "mean": 0.05442689976746109,
  "std": 0.5747791279396253
}
