{
  "size": 139263,
  "min": -0.9999985280667274,
  "max": 0.9999988537980897,
  "mean": -0.07252592808131289,
  "std": 0.57277685148967
}
