{
  "size": 4713,
  "min": -0.9989439046376276,
  "max": 0.9997658401474652,
  "mean": -0.001603664479271975,
  "std": 0.5773480419933641
}
