{
  "size": 4713,
  "min": -0.9986740049294516,
  "max": 0.9997579018328593,
  "mean": 0.08134810142530069,
  "std": 0.5715906050031196
}
